barcode,site,cluster,CEN_1,surv_start19,surv_start20,surv_start21,start19_size,start20_size,start21_size,flowered19,flowered20,flowered21,day19,day20,day21,seed_count19,seed_count20,seed_count21
30023,Zeneggen,1,H-H,0,0,0,0,0,0,0,0,0,0,0,0,0,0,0
30043,Zeneggen,1,H-H,0,0,0,0,0,0,0,0,0,0,0,0,0,0,0
30053,Zeneggen,1,H-H,0,0,0,0,0,0,0,0,0,0,0,0,0,0,0
30058,Zeneggen,1,H-H,1,0,0,0,0,0,0,0,0,0,0,0,0,0,0
30078,Zeneggen,1,H-L,0,0,0,0,0,0,0,0,0,0,0,0,0,0,0
30088,Zeneggen,1,H-H,0,0,0,0,0,0,0,0,0,0,0,0,0,0,0
30103,Zeneggen,1,H-L,1,1,1,2.7005,3.811,8.5,0,1,1,0,153,158,0,0,116
30113,Zeneggen,1,H-L,1,1,1,1.664,6.452,14,0,0,1,0,0,158,0,0,17
30118,Zeneggen,1,H-H,0,0,0,0,0,0,0,0,0,0,0,0,0,0,0
30123,Zeneggen,1,H-H,0,0,0,0,0,0,0,0,0,0,0,0,0,0,0
30168,Zeneggen,1,H-L,0,0,0,0,0,0,0,0,0,0,0,0,0,0,0
30178,Zeneggen,1,H-H,0,0,0,0,0,0,0,0,0,0,0,0,0,0,0
30198,Zeneggen,1,H-L,0,0,0,0,0,0,0,0,0,0,0,0,0,0,0
30203,Zeneggen,1,H-L,0,0,0,0,0,0,0,0,0,0,0,0,0,0,0
30213,Zeneggen,1,H-L,0,0,0,0,0,0,0,0,0,0,0,0,0,0,0
30223,Zeneggen,1,H-L,1,1,1,2.8415,4.4135,10.5,0,1,1,0,157,160,0,0,19
30233,Zeneggen,1,H-H,1,1,1,1.7425,2.1065,7,0,0,1,0,0,158,0,0,22
30260,Zeneggen,1,H-L,1,1,1,1.7545,4.566,11,0,1,1,0,143,151,0,0,0
30271,Zeneggen,1,H-L,1,1,1,2.5785,5.2345,12,0,1,1,0,146,160,0,0,21
30281,Zeneggen,1,H-L,1,0,0,0,0,0,0,0,0,0,0,0,0,0,0
30291,Zeneggen,1,H-L,1,1,1,2.0635,7.651,7.5,0,0,1,0,0,151,0,0,255
30301,Zeneggen,1,H-H,0,0,0,0,0,0,0,0,0,0,0,0,0,0,0
30311,Zeneggen,1,H-L,0,0,0,0,0,0,0,0,0,0,0,0,0,0,0
30316,Zeneggen,1,H-L,1,1,1,2.892,3.925,10.5,0,1,1,0,157,160,0,0,0
30346,Zeneggen,1,H-L,0,0,0,0,0,0,0,0,0,0,0,0,0,0,0
30387,Zeneggen,1,H-H,0,0,0,0,0,0,0,0,0,0,0,0,0,0,0
30402,Zeneggen,1,H-L,0,0,0,0,0,0,0,0,0,0,0,0,0,0,0
30407,Zeneggen,1,H-H,1,1,1,2.634,6.0975,13,0,1,1,0,140,151,0,0,0
30422,Zeneggen,1,H-H,1,0,0,0,0,0,0,0,0,0,0,0,0,0,0
30432,Zeneggen,1,H-H,1,1,1,2.682,5.3245,12.5,1,1,1,162,133,151,0,0,249
30452,Zeneggen,1,H-H,0,0,0,0,0,0,0,0,0,0,0,0,0,0,0
30467,Zeneggen,1,H-H,0,0,0,0,0,0,0,0,0,0,0,0,0,0,0
30477,Zeneggen,1,H-L,0,0,0,0,0,0,0,0,0,0,0,0,0,0,0
30498,Zeneggen,1,H-H,1,1,0,0,4.86,0,0,0,0,0,0,0,0,0,0
30508,Zeneggen,1,H-L,0,0,0,0,0,0,0,0,0,0,0,0,0,0,0
30513,Zeneggen,1,H-L,0,0,0,0,0,0,0,0,0,0,0,0,0,0,0
30518,Zeneggen,1,H-L,0,0,0,0,0,0,0,0,0,0,0,0,0,0,0
30548,Zeneggen,1,H-H,0,0,0,0,0,0,0,0,0,0,0,0,0,0,0
30558,Zeneggen,1,H-L,1,1,1,1.7895,2.506,8.5,0,1,1,0,160,158,0,0,0
30563,Zeneggen,1,H-L,1,0,0,1.854,0,0,0,0,0,0,0,0,0,0,0
30578,Zeneggen,1,H-H,1,1,1,2.0515,1.996,0,0,0,1,0,0,153,0,0,63
30588,Zeneggen,1,H-H,1,1,1,4.234,6.908,15,1,1,1,154,140,153,0,0,0
30603,Zeneggen,1,H-L,1,1,1,2.556,3.883,13,1,1,1,162,149,153,0,0,95
30608,Zeneggen,1,H-H,1,1,1,2.042,5.3,14,1,1,1,162,143,153,0,0,852
30618,Zeneggen,1,H-L,1,1,1,2.4045,2.201,9,1,0,1,162,0,160,0,0,18
30623,Zeneggen,1,H-H,1,1,1,3.8485,6.7875,16,0,1,1,0,146,151,0,0,NA
30630,Zeneggen,1,H-H,0,0,0,0,0,0,0,0,0,0,0,0,0,0,0
30636,Zeneggen,1,H-H,0,0,0,0,0,0,0,0,0,0,0,0,0,0,0
30648,Zeneggen,1,H-L,0,0,0,0,0,0,0,0,0,0,0,0,0,0,0
30661,Zeneggen,1,H-H,0,0,0,0,0,0,0,0,0,0,0,0,0,0,0
30698,Zeneggen,1,H-L,0,0,0,0,0,0,0,0,0,0,0,0,0,0,0
30706,Zeneggen,1,H-H,0,0,0,0,0,0,0,0,0,0,0,0,0,0,0
30765,Zeneggen,1,H-L,1,0,0,1.355,0,0,0,0,NA,0,0,0,0,0,0
30770,Zeneggen,1,H-H,1,1,0,0,0,0,0,0,0,0,0,0,0,0,0
30780,Zeneggen,1,H-L,0,0,0,0,0,0,0,0,0,0,0,0,0,0,0
30785,Zeneggen,1,H-H,0,0,0,0,0,0,0,0,0,0,0,0,0,0,0
30795,Zeneggen,1,H-H,1,1,0,0,1.6775,0,0,0,0,0,0,0,0,0,0
30810,Zeneggen,1,H-H,0,0,0,0,0,0,0,0,0,0,0,0,0,0,0
30815,Zeneggen,1,H-L,1,0,0,0,0,0,1,0,0,154,0,0,0,0,0
30820,Zeneggen,1,H-H,0,0,0,0,0,0,0,0,0,0,0,0,0,0,0
30835,Zeneggen,1,H-L,1,1,1,2.1165,4.17,10.5,0,1,1,0,143,145,0,0,106
30840,Zeneggen,1,H-L,0,0,0,0,0,0,0,0,0,0,0,0,0,0,0
30845,Zeneggen,1,H-H,0,0,0,0,0,0,0,0,0,0,0,0,0,0,0
30855,Zeneggen,1,H-L,1,1,1,2.0465,2.305,9,0,0,1,0,0,153,0,0,25
30865,Zeneggen,1,H-H,0,0,0,0,0,0,0,0,0,0,0,0,0,0,0
30870,Zeneggen,1,H-H,0,0,0,0,0,0,0,0,0,0,0,0,0,0,0
30880,Zeneggen,1,H-H,1,1,0,0,3.958,0,0,0,0,0,0,0,0,0,0
30890,Zeneggen,1,H-H,1,0,0,0,0,0,0,0,0,0,0,0,0,0,0
30895,Zeneggen,1,H-H,0,0,0,0,0,0,0,0,0,0,0,0,0,0,0
30900,Zeneggen,1,H-H,0,0,0,0,0,0,0,0,0,0,0,0,0,0,0
30915,Zeneggen,1,H-H,0,0,0,0,0,0,0,0,0,0,0,0,0,0,0
30920,Zeneggen,1,H-L,1,1,0,3.6645,5.1755,0,0,1,0,0,0,0,0,0,0
30935,Zeneggen,1,H-H,0,0,0,0,0,0,0,0,0,0,0,0,0,0,0
30950,Zeneggen,1,H-H,1,1,1,2.1635,3.0315,10,0,0,1,0,0,166,0,0,20
30960,Zeneggen,1,H-L,0,0,0,0,0,0,0,0,0,0,0,0,0,0,0
31005,Zeneggen,1,H-H,0,0,0,0,0,0,0,0,0,0,0,0,0,0,0
31015,Zeneggen,1,H-L,0,0,0,0,0,0,0,0,0,0,0,0,0,0,0
31257,Zeneggen,1,H-L,1,1,1,2.2045,5.0355,10.5,0,1,1,0,146,151,0,0,0
31272,Zeneggen,1,H-H,1,1,1,3.0025,7.472,10.5,1,1,1,162,135,148,0,0,95
31282,Zeneggen,1,H-L,1,1,1,2.664,4.505,7.5,1,1,1,0,157,166,0,0,0
31287,Zeneggen,1,H-H,0,0,0,0,0,0,0,0,0,0,0,0,0,0,0
31336,Zeneggen,1,H-H,1,1,1,2.3115,0,11,0,1,1,0,150,153,0,0,29
31346,Zeneggen,1,H-H,0,0,0,0,0,0,0,0,0,0,0,0,0,0,0
31356,Zeneggen,1,H-H,1,1,0,0,5.093,0,0,0,0,0,0,0,0,0,0
31361,Zeneggen,1,H-L,0,0,0,0,0,0,0,0,0,0,0,0,0,0,0
31366,Zeneggen,1,H-L,0,0,0,0,0,0,0,0,0,0,0,0,0,0,0
31376,Zeneggen,1,H-L,0,0,0,0,0,0,0,0,0,0,0,0,0,0,0
31381,Zeneggen,1,H-L,0,0,0,0,0,0,0,0,0,0,0,0,0,0,0
31391,Zeneggen,1,H-H,0,0,0,0,0,0,0,0,0,0,0,0,0,0,0
31396,Zeneggen,1,H-H,0,0,0,0,0,0,0,0,0,0,0,0,0,0,0
31416,Zeneggen,1,H-L,1,1,1,2.813,5.853,14,1,1,1,172,153,158,0,0,18
31441,Zeneggen,1,H-L,0,0,0,0,0,0,0,0,0,0,0,0,0,0,0
31451,Zeneggen,1,H-H,0,0,0,0,0,0,0,0,0,0,0,0,0,0,0
31517,Zeneggen,1,H-H,0,0,0,0,0,0,0,0,0,0,0,0,0,0,0
31522,Zeneggen,1,H-H,1,1,1,1.9595,3.615,9.5,0,1,1,0,153,158,0,0,0
31552,Zeneggen,1,H-H,1,1,1,2.503,4.584,12,0,1,1,0,150,145,0,0,23
31567,Zeneggen,1,H-H,0,0,0,0,0,0,0,0,0,0,0,0,0,0,0
31582,Zeneggen,1,H-H,0,0,0,0,0,0,0,0,0,0,0,0,0,0,0
31597,Zeneggen,1,H-H,0,0,0,0,0,0,0,0,0,0,0,0,0,0,0
31612,Zeneggen,1,H-H,0,0,0,0,0,0,0,0,0,0,0,0,0,0,0
31622,Zeneggen,1,H-H,0,0,0,0,0,0,0,0,0,0,0,0,0,0,0
31652,Zeneggen,1,H-L,1,1,1,4.094,6.131,13.5,1,1,1,162,143,153,0,0,0
31657,Zeneggen,1,H-H,1,1,1,2.7665,5.6865,14.5,0,1,1,0,140,151,0,0,79
31669,Zeneggen,1,H-H,0,0,0,0,0,0,0,0,0,0,0,0,0,0,0
31682,Zeneggen,1,H-H,1,1,1,1.8825,0,9,0,0,1,0,0,148,0,0,18
31746,Zeneggen,1,H-H,1,1,1,3.2905,0,10.5,0,1,1,0,140,148,0,0,0
31804,Zeneggen,1,H-H,0,0,0,0,0,0,0,0,0,0,0,0,0,0,0
31824,Zeneggen,1,H-H,0,0,0,0,0,0,0,0,0,0,0,0,0,0,0
32516,Zeneggen,1,H-L,0,0,0,0,0,0,0,0,0,0,0,0,0,0,0
32531,Zeneggen,1,H-L,0,0,0,0,0,0,0,0,0,0,0,0,0,0,0
32571,Zeneggen,1,H-H,0,0,0,0,0,0,0,0,0,0,0,0,0,0,0
32601,Zeneggen,1,H-L,0,0,0,0,0,0,0,0,0,0,0,0,0,0,0
32632,Zeneggen,1,H-L,1,1,1,2.757,0,0,0,0,1,0,0,166,0,0,0
32672,Zeneggen,1,H-L,1,1,1,2.102,4.2,12.5,0,1,1,0,157,155,0,0,28
32677,Zeneggen,1,H-H,0,0,0,0,0,0,0,0,0,0,0,0,0,0,0
32703,Zeneggen,1,H-H,0,0,0,0,0,0,0,0,0,0,0,0,0,0,0
32713,Zeneggen,1,H-H,0,0,0,0,0,0,0,0,0,0,0,0,0,0,0
32728,Zeneggen,1,H-H,1,0,0,1.5985,0,0,0,0,0,0,0,0,0,0,0
32788,Zeneggen,1,H-L,0,0,0,0,0,0,0,0,0,0,0,0,0,0,0
32843,Zeneggen,1,H-H,0,0,0,0,0,0,0,0,0,0,0,0,0,0,0
32853,Zeneggen,1,H-H,0,0,0,0,0,0,0,0,0,0,0,0,0,0,0
32883,Zeneggen,1,H-H,1,1,1,3.3465,7.9465,15.5,1,1,1,176,140,151,0,0,85
32893,Zeneggen,1,H-L,1,1,1,2.886,0,12.5,0,1,1,0,143,158,0,0,21
32898,Zeneggen,1,H-H,0,0,0,0,0,0,0,0,0,0,0,0,0,0,0
32908,Zeneggen,1,H-H,1,1,1,2.758,4.3045,7.5,1,1,1,169,157,0,0,0,0
32938,Zeneggen,1,H-L,1,1,0,3.983,7.2765,0,1,1,0,162,146,0,0,0,0
32943,Zeneggen,1,H-H,1,1,1,1.874,3.436,12,0,1,1,0,143,148,0,0,0
32998,Zeneggen,1,H-H,0,0,0,0,0,0,0,0,0,0,0,0,0,0,0
33058,Zeneggen,1,H-H,1,0,0,2.759,0,0,0,0,0,0,0,0,0,0,0
33068,Zeneggen,1,H-H,0,0,0,0,0,0,0,0,0,0,0,0,0,0,0
33073,Zeneggen,1,H-H,0,0,0,0,0,0,0,0,0,0,0,0,0,0,0
33088,Zeneggen,1,H-H,0,0,0,0,0,0,0,0,0,0,0,0,0,0,0
33113,Zeneggen,1,H-L,0,0,0,0,0,0,0,0,0,0,0,0,0,0,0
33118,Zeneggen,1,H-H,0,0,0,0,0,0,0,0,0,0,0,0,0,0,0
33776,Zeneggen,1,H-H,0,0,0,0,0,0,0,0,0,0,0,0,0,0,0
33781,Zeneggen,1,H-H,1,1,1,0,2.402,10,1,1,1,169,150,160,0,0,22
33796,Zeneggen,1,H-H,0,0,0,0,0,0,0,0,0,0,0,0,0,0,0
33816,Zeneggen,1,H-H,0,0,0,0,0,0,0,0,0,0,0,0,0,0,0
33845,Zeneggen,1,H-H,0,0,0,0,0,0,0,0,0,0,0,0,0,0,0
33850,Zeneggen,1,H-H,0,0,0,0,0,0,0,0,0,0,0,0,0,0,0
33860,Zeneggen,1,H-H,0,0,0,0,0,0,0,0,0,0,0,0,0,0,0
33875,Zeneggen,1,H-H,1,0,0,1.481,0,0,0,0,0,0,0,0,0,0,0
33885,Zeneggen,1,H-L,0,0,0,0,0,0,0,0,0,0,0,0,0,0,0
33932,Zeneggen,1,H-L,1,0,0,1.561,0,0,0,0,0,0,0,0,0,0,0
33938,Zeneggen,1,H-H,1,0,0,0,0,0,0,0,0,0,0,0,0,0,0
33959,Zeneggen,1,H-H,1,0,0,1.2185,0,0,0,0,0,0,0,0,0,0,0
33964,Zeneggen,1,H-L,1,1,0,0,4.646,0,0,0,0,0,0,0,0,0,0
33985,Zeneggen,1,H-H,0,0,0,0,0,0,0,0,0,0,0,0,0,0,0
34000,Zeneggen,1,H-L,1,1,1,3.2035,4.691,13,0,0,1,0,0,158,0,0,24
34040,Zeneggen,1,H-L,1,1,1,3.046,3.3665,0,0,0,1,0,0,160,0,0,0
34065,Zeneggen,1,H-L,0,0,0,0,0,0,0,0,0,0,0,0,0,0,0
34085,Zeneggen,1,H-H,1,1,1,2.1695,0,8,0,1,1,0,0,160,0,0,28
34100,Zeneggen,1,H-H,0,0,0,0,0,0,0,0,0,0,0,0,0,0,0
34130,Zeneggen,1,H-L,0,0,0,0,0,0,0,0,0,0,0,0,0,0,0
34200,Zeneggen,1,H-H,0,0,0,0,0,0,0,0,0,0,0,0,0,0,0
34206,Zeneggen,1,H-H,1,0,0,1.996,0,0,0,0,0,0,0,0,0,0,0
34251,Zeneggen,1,H-H,0,0,0,0,0,0,0,0,0,0,0,0,0,0,0
34256,Zeneggen,1,H-L,1,1,0,0,3.8665,0,0,0,0,0,0,0,0,0,0
34266,Zeneggen,1,H-L,0,0,0,0,0,0,0,0,0,0,0,0,0,0,0
34291,Zeneggen,1,H-H,0,0,0,0,0,0,0,0,0,0,0,0,0,0,0
34296,Zeneggen,1,H-H,1,1,1,1.9995,3.432,12.5,1,0,1,162,0,155,0,0,78
34306,Zeneggen,1,H-L,1,1,1,3.7895,7.5985,14,1,1,1,162,143,145,0,0,224
34316,Zeneggen,1,H-L,1,1,1,1.85,4.583,9.5,0,0,1,0,0,0,0,0,17
34336,Zeneggen,1,H-L,0,0,0,0,0,0,0,0,0,0,0,0,0,0,0
34351,Zeneggen,1,H-H,0,0,0,0,0,0,0,0,0,0,0,0,0,0,0
34366,Zeneggen,1,H-H,1,1,1,0,2.392,9.5,0,0,1,0,0,0,0,0,59
34391,Zeneggen,1,H-L,0,0,0,0,0,0,0,0,0,0,0,0,0,0,0
34411,Zeneggen,1,H-L,0,0,0,0,0,0,0,0,0,0,0,0,0,0,0
34465,Zeneggen,1,H-H,0,0,0,0,0,0,0,0,0,0,0,0,0,0,0
34475,Zeneggen,1,H-H,0,0,0,0,0,0,0,0,0,0,0,0,0,0,0
30083,Zeneggen,1,H-H,1,1,1,3.795,5.9845,12,0,1,1,0,135,145,0,17,773
30068,Zeneggen,1,H-H,1,1,1,2.83,3.965,15.5,0,1,1,0,153,158,0,18,214
31371,Zeneggen,1,H-H,1,1,1,3.4435,0,12.5,1,1,1,162,146,153,0,18,0
30013,Zeneggen,1,H-H,1,1,1,2.2985,3.1645,11,0,1,1,0,146,153,0,19,0
30018,Zeneggen,1,H-H,1,1,1,2.8435,6.2145,13,1,1,1,162,143,151,0,19,112
31495,Zeneggen,1,H-H,1,1,1,2.0175,8.7155,12.5,0,1,1,0,146,160,0,19,90
30003,Zeneggen,1,H-H,1,1,1,2.634,6.324,17,1,1,1,154,140,155,0,20,0
32733,Zeneggen,1,H-H,1,1,1,2.8265,5.2135,14.5,0,1,1,0,143,151,0,26,0
34246,Zeneggen,1,H-L,1,1,1,3.1115,6.879,12.5,0,1,1,0,140,151,0,27,38
34485,Zeneggen,1,H-H,1,1,1,2.195,5.199,10.5,0,1,1,0,140,148,0,28,0
34165,Zeneggen,1,H-L,1,1,1,2.1355,5.2915,12.5,0,1,1,0,146,151,0,32,116
32718,Zeneggen,1,H-H,1,1,1,3.283,6.317,14,0,1,1,0,149,158,0,33,0
30008,Zeneggen,1,H-H,1,1,1,2.546,2.639,9,0,1,1,0,143,148,0,36,20
34470,Zeneggen,1,H-L,1,1,1,2.1295,3.565,10,1,1,1,162,143,155,0,39,42
33949,Zeneggen,1,H-L,1,1,1,3.7005,5.148,9,1,1,1,0,150,158,0,40,57
31627,Zeneggen,1,H-L,1,1,1,1.9135,5.323,16,0,1,1,0,146,153,0,43,230
33008,Zeneggen,1,H-H,1,1,1,2.294,2.976,11.5,0,1,1,0,160,162,0,45,228
30593,Zeneggen,1,H-H,1,1,1,0,4.9155,12,0,1,1,0,153,0,0,50,24
31873,Zeneggen,1,H-H,1,1,1,2.632,3.2355,13.5,0,1,1,0,143,155,0,54,110
31502,Zeneggen,1,H-L,1,1,1,2.1815,6.481,13.5,0,1,1,0,146,151,0,55,306
30538,Zeneggen,1,H-H,1,1,1,4.208,5.5825,0,1,1,1,162,146,153,0,56,0
32693,Zeneggen,1,H-L,1,1,1,3.9825,5.8825,13.5,1,1,1,154,140,148,0,74,145
32561,Zeneggen,1,H-L,1,1,1,3.629,7.7545,12.5,1,1,1,162,150,160,0,76,228
30243,Zeneggen,1,H-H,1,1,1,3.9695,6.3955,11,1,1,1,162,140,160,0,80,0
30238,Zeneggen,1,H-L,1,1,1,2.1555,6.122,9.5,1,1,1,162,140,151,0,81,129
34371,Zeneggen,1,H-L,1,1,1,1.9235,0,9.5,0,1,1,0,153,153,0,87,0
30930,Zeneggen,1,H-H,1,1,1,2.582,5.027,14.5,0,1,1,0,140,151,0,88,658
34480,Zeneggen,1,H-H,1,1,1,2.144,3.6055,9.5,0,1,1,0,140,153,0,88,1134
30730,Zeneggen,1,H-H,1,1,1,3.409,5.812,8.5,1,1,1,162,146,160,0,102,0
30250,Zeneggen,1,H-L,1,1,1,3.754,4.127,12.5,1,1,1,162,140,162,0,106,22
32647,Zeneggen,1,H-H,1,1,1,2.3545,5.334,12,0,1,1,0,140,148,0,111,0
30372,Zeneggen,1,H-H,1,1,1,2.928,7.247,14.5,1,1,1,169,146,158,0,121,420
32698,Zeneggen,1,H-L,1,1,1,2.625,6.461,12,0,1,1,0,143,155,0,124,0
30228,Zeneggen,1,H-H,1,1,1,2.414,4.5335,8,1,1,1,169,150,160,0,124,0
31729,Zeneggen,1,H-H,1,1,1,3.0955,0,17,1,1,1,149,135,151,174,150,544
30098,Zeneggen,1,H-H,1,1,1,1.9015,4.2205,14,0,1,1,0,146,155,0,152,NA
31647,Zeneggen,1,H-H,1,1,1,1.914,5.765,7.5,0,1,1,0,146,153,0,156,507
32763,Zeneggen,1,H-L,1,1,1,3.1905,7.883,17,0,1,1,0,143,160,0,157,0
31829,Zeneggen,1,H-H,1,1,1,2.03,2.825,9,0,1,1,0,143,153,0,162,846
31734,Zeneggen,1,H-H,1,1,1,2.8625,8.439,16.5,0,1,1,0,143,158,0,169,0
30356,Zeneggen,1,H-L,1,1,1,3.1535,5.015,14,0,1,1,0,146,160,0,171,0
32536,Zeneggen,1,H-L,1,1,1,1.984,3.6625,10,0,1,1,0,146,151,0,172,0
34045,Zeneggen,1,H-L,1,1,1,2.641,4.875,14.5,1,1,1,0,143,153,0,183,19
32948,Zeneggen,1,H-H,1,1,1,3.359,6.747,13.5,1,1,1,154,135,148,0,196,0
32888,Zeneggen,1,H-H,1,1,1,2.574,6.7025,12.5,0,1,1,0,134,145,0,200,NA
30487,Zeneggen,1,H-L,1,1,1,2.3115,6.987,10.5,0,1,1,0,146,160,0,205,0
31010,Zeneggen,1,H-L,1,1,1,3.1365,7.143,10.5,0,1,1,0,140,153,0,209,1062
33831,Zeneggen,1,H-H,1,1,1,2.076,5.0005,7.5,0,1,1,0,150,158,0,213,0
30755,Zeneggen,1,H-L,1,1,1,3.856,5.719,10.5,1,1,1,162,143,153,0,234,19
30790,Zeneggen,1,H-H,1,1,1,2.993,8.87,16.5,0,1,1,0,143,155,0,246,28
30995,Zeneggen,1,H-L,1,1,1,2.6135,4.064,13.5,0,1,1,0,143,151,0,279,168
34125,Zeneggen,1,H-H,1,1,1,3.184,6.394,13.5,1,1,1,154,133,148,0,307,263
33811,Zeneggen,1,H-H,1,1,1,2.108,6.6685,13.5,0,1,1,0,143,155,0,313,0
32622,Zeneggen,1,H-L,1,1,1,2.8885,7.03,14,1,1,1,162,146,158,0,326,105
30940,Zeneggen,1,H-H,1,1,1,2.273,5.3185,13.5,0,1,1,0,133,151,0,329,779
30583,Zeneggen,1,H-H,1,1,1,2.985,5.4925,10.5,0,1,1,0,143,158,0,336,679
30805,Zeneggen,1,H-H,1,1,1,3.314,0,10.5,0,1,1,0,146,158,0,342,0
30568,Zeneggen,1,H-H,1,1,1,4.0045,7.534,12,1,1,1,162,143,153,0,390,19
30654,Zeneggen,1,H-H,1,1,1,3.24,5.2975,12,1,1,1,162,140,151,0,454,873
30255,Zeneggen,1,H-H,1,1,1,2.706,5.4495,11,0,1,1,0,146,158,0,499,0
30163,Zeneggen,1,H-L,1,1,1,2.9515,5.922,14,0,1,1,0,150,160,0,511,55
32758,Zeneggen,1,H-L,1,1,1,0,5.288,14,1,1,1,169,140,151,0,594,0
30760,Zeneggen,1,H-H,1,1,0,0,0,0,0,1,0,0,0,0,0,NA,0
30427,Zeneggen,1,H-H,1,1,1,2.602,7.159,14,1,1,1,169,143,160,0,NA,41
30598,Zeneggen,1,H-H,1,1,1,3.873,0,12,1,1,1,162,140,153,0,NA,0
30447,Zeneggen,1,H-H,1,1,1,3.881,0,0,1,1,1,154,140,158,0,NA,0
30674,Zeneggen,2,H-L,1,1,1,2.423,4.4825,11.5,0,1,1,0,140,151,0,0,19
31303,Zeneggen,2,H-L,0,0,0,0,0,0,0,0,0,0,0,0,0,0,0
31401,Zeneggen,2,H-L,1,1,1,4.4515,7.5945,19,1,1,1,149,133,145,0,0,208
31485,Zeneggen,2,H-H,1,1,1,3.2675,6.8925,13.5,0,1,1,0,135,145,0,0,0
31507,Zeneggen,2,H-H,0,0,0,0,0,0,0,0,0,0,0,0,0,0,0
31572,Zeneggen,2,H-H,1,1,1,3.6375,8.198,16,1,1,1,162,143,158,0,0,105
31577,Zeneggen,2,H-H,1,1,1,4.3005,8.1565,19,1,1,1,162,135,145,0,0,0
31719,Zeneggen,2,H-H,0,0,0,0,0,0,0,0,0,0,0,0,0,0,0
31809,Zeneggen,2,H-H,1,1,1,3.451,6.912,0,1,1,1,154,140,151,0,0,242
31819,Zeneggen,2,H-H,0,0,0,0,0,0,0,0,0,0,0,0,0,0,0
31853,Zeneggen,2,H-H,1,1,1,2.39,4.776,13.5,0,1,1,0,0,158,0,0,69
31881,Zeneggen,2,H-H,1,1,1,3.565,6.482,15.5,1,1,1,154,135,148,0,0,1492
31921,Zeneggen,2,H-H,1,1,1,2.0385,5.14,15,1,1,1,162,146,153,0,0,18
31926,Zeneggen,2,H-L,1,1,1,4.593,7.3565,0,1,1,1,154,133,0,0,0,658
31951,Zeneggen,2,H-L,1,0,0,0,0,0,0,0,0,0,0,0,0,0,0
32062,Zeneggen,2,H-H,1,1,1,4.032,6.0865,13,1,1,1,169,140,148,0,0,30
32084,Zeneggen,2,H-L,0,0,0,0,0,0,0,0,0,0,0,0,0,0,0
32089,Zeneggen,2,H-H,1,1,1,4.1265,9.5465,21,1,1,1,162,128,0,0,0,143
32104,Zeneggen,2,H-H,1,1,1,4.869,7.048,13,1,1,1,149,143,153,0,0,35
32131,Zeneggen,2,H-H,1,1,1,2.3785,0,15.5,0,1,1,0,143,153,0,0,31
32155,Zeneggen,2,H-H,1,1,1,3.1925,4.4525,13.5,1,1,1,154,143,151,0,0,0
32237,Zeneggen,2,H-H,0,0,0,0,0,0,0,0,0,0,0,0,0,0,0
32257,Zeneggen,2,H-H,1,1,1,0,0,9.5,0,0,1,0,0,151,0,0,0
32307,Zeneggen,2,H-H,1,1,1,2.7015,6.101,15,0,1,1,0,128,0,0,0,773
32327,Zeneggen,2,H-H,0,0,0,0,0,0,0,0,0,0,0,0,0,0,0
32357,Zeneggen,2,H-H,0,0,0,0,0,0,0,0,0,0,0,0,0,0,0
32386,Zeneggen,2,H-H,0,0,0,0,0,0,0,0,0,0,0,0,0,0,0
32401,Zeneggen,2,H-H,1,1,1,3.36,7.3515,15,1,1,1,149,133,145,61,0,406
32406,Zeneggen,2,H-H,1,1,1,2.664,0,11.5,0,1,1,0,0,148,0,0,24
32421,Zeneggen,2,H-L,0,0,0,0,0,0,0,0,0,0,0,0,0,0,0
32526,Zeneggen,2,H-H,0,0,0,0,0,0,0,0,0,0,0,0,0,0,0
32546,Zeneggen,2,H-H,1,1,1,2.772,6.786,15.5,1,1,1,154,135,151,0,0,1923
32848,Zeneggen,2,H-L,1,1,1,4.2805,8.375,12.5,1,1,1,154,135,148,57,0,0
32958,Zeneggen,2,H-L,0,0,0,0,0,0,0,0,0,0,0,0,0,0,0
32968,Zeneggen,2,H-H,0,0,0,0,0,0,0,0,0,0,0,0,0,0,0
32978,Zeneggen,2,H-L,1,1,1,2.4975,4.925,11,0,1,1,0,146,153,0,0,0
33143,Zeneggen,2,H-H,1,1,1,1.9695,6.225,13,0,1,1,0,143,151,0,0,0
33153,Zeneggen,2,H-L,1,1,0,2.8415,5.447,0,0,0,0,0,0,0,0,0,0
33242,Zeneggen,2,H-L,0,0,0,0,0,0,0,0,0,0,0,0,0,0,0
33297,Zeneggen,2,H-L,1,1,1,3.932,0,14,0,1,1,0,143,151,0,0,NA
33322,Zeneggen,2,H-H,1,1,1,2.409,5.1405,15,0,1,1,0,140,141,0,0,0
33327,Zeneggen,2,H-H,0,0,0,0,0,0,0,0,0,0,0,0,0,0,0
33389,Zeneggen,2,H-H,1,1,1,3.887,0,18.5,1,1,1,154,143,153,0,0,69
33457,Zeneggen,2,H-L,1,1,1,4.952,7.4985,16,1,1,1,162,140,158,0,0,24
33467,Zeneggen,2,H-H,1,1,0,3.0925,4.468,0,1,1,0,162,146,0,0,0,0
33482,Zeneggen,2,H-L,1,1,1,3.821,0,12,1,1,1,162,146,155,0,0,0
33497,Zeneggen,2,H-L,1,1,1,2.209,6.198,12.5,0,1,1,0,140,151,0,0,18
33537,Zeneggen,2,H-H,1,1,1,2.0685,4.355,12,0,1,1,0,133,145,0,0,0
33577,Zeneggen,2,H-L,0,0,0,0,0,0,0,0,0,0,0,0,0,0,0
33801,Zeneggen,2,H-H,1,0,0,0,0,0,1,0,0,154,0,0,18,0,0
33870,Zeneggen,2,H-H,1,1,1,0,0,0,0,1,1,0,146,148,0,0,24
34035,Zeneggen,2,H-L,1,0,0,3.102,0,0,0,0,0,0,0,0,0,0,0
34060,Zeneggen,2,H-H,1,1,1,3.748,8.7755,11,1,1,1,154,135,145,0,0,0
34271,Zeneggen,2,H-L,0,0,0,0,0,0,0,0,0,0,0,0,0,0,0
34490,Zeneggen,2,H-H,1,1,1,2.5695,6.7315,12,0,1,1,0,140,151,0,0,288
34505,Zeneggen,2,H-H,1,1,1,0,6.546,15.5,0,1,1,0,143,151,0,0,616
34510,Zeneggen,2,H-H,1,1,1,3.1435,6.788,10,1,1,1,154,140,148,0,0,0
34530,Zeneggen,2,H-H,1,1,1,2.0425,6.582,18.5,0,1,1,0,143,151,0,0,168
34620,Zeneggen,2,H-H,0,0,0,0,0,0,0,0,0,0,0,0,0,0,0
34795,Zeneggen,2,H-H,1,1,1,4.0635,6.014,19,0,1,1,0,135,148,0,0,0
32012,Zeneggen,2,H-H,1,1,1,2.5975,8.9065,14.5,0,1,1,0,140,145,0,18,908
33018,Zeneggen,2,H-H,1,1,1,3.556,8.0205,15.5,1,1,1,154,143,148,0,18,NA
33600,Zeneggen,2,H-H,1,1,1,2.5045,6.05,11,0,1,1,0,143,155,0,20,18
34495,Zeneggen,2,H-L,1,1,1,3.7115,6.8245,0,1,1,1,154,146,158,0,21,39
34565,Zeneggen,2,H-L,1,1,1,3.4495,0,9,0,1,1,0,146,155,0,21,123
32252,Zeneggen,2,H-H,1,1,1,2.999,6.415,14,0,1,1,0,146,153,0,22,62
31966,Zeneggen,2,H-L,1,1,1,3.5665,5.077,13,0,1,1,0,135,148,0,23,0
34276,Zeneggen,2,H-H,1,1,1,2.9805,5.7915,16.5,0,1,1,0,143,148,0,27,112
31607,Zeneggen,2,H-H,1,1,1,3.1485,0,12.5,1,1,1,0,150,0,0,31,31
34680,Zeneggen,2,H-H,1,1,1,3.0145,7.0645,17.5,0,1,1,0,140,148,0,32,1639
33307,Zeneggen,2,H-H,1,1,1,2.3165,8.7025,20,0,1,1,0,140,151,0,32,0
34765,Zeneggen,2,H-H,1,1,1,3.9875,9.431,16.5,1,1,1,154,140,151,0,34,273
33462,Zeneggen,2,H-L,1,1,1,3.2575,8.767,16.5,0,1,1,0,140,151,0,35,248
31860,Zeneggen,2,H-H,1,1,1,3.0965,3.8665,14,0,1,1,0,146,148,0,37,948
34570,Zeneggen,2,H-H,1,1,1,3.265,7.2965,15,1,1,1,169,140,145,0,38,0
31317,Zeneggen,2,H-L,1,1,1,2.9675,6.199,10,1,1,1,162,146,151,0,40,34
31936,Zeneggen,2,H-H,1,1,1,2.4445,0,0,0,1,1,0,140,148,0,40,0
34341,Zeneggen,2,H-H,1,1,1,2.2305,4.477,15,0,1,1,0,143,153,0,41,253
31724,Zeneggen,2,H-H,1,1,1,2.973,8.0845,17.5,1,1,1,154,140,145,30,43,122
32227,Zeneggen,2,H-H,1,1,1,3.1795,0,14,1,1,1,169,140,151,0,43,526
33158,Zeneggen,2,H-L,1,1,1,3.834,6.347,0,1,1,1,162,140,151,0,43,250
31426,Zeneggen,2,H-H,1,1,1,4.094,8.863,19,1,1,1,154,133,148,21,43,916
34236,Zeneggen,2,H-L,1,1,1,4.608,7.8825,20.5,1,1,1,169,143,151,0,44,155
34515,Zeneggen,2,H-H,1,1,1,3.514,0,17,0,1,1,0,140,145,0,44,1491
33422,Zeneggen,2,H-H,1,1,1,2.765,4.526,14.5,1,1,1,0,146,158,0,45,39
34540,Zeneggen,2,H-H,1,1,1,0,7.0245,13,0,1,1,0,143,158,0,49,27
32282,Zeneggen,2,H-H,1,1,1,3.428,6.1925,13,1,1,1,162,128,0,0,53,0
33188,Zeneggen,2,H-H,1,1,1,4.0115,4.1835,10.5,1,1,1,162,143,151,0,58,25
32232,Zeneggen,2,H-L,1,1,1,3.4535,5.7075,15.5,0,1,1,0,140,151,0,59,1746
34635,Zeneggen,2,H-L,1,1,1,4.0625,0,15,1,1,1,154,146,153,0,61,115
32120,Zeneggen,2,H-L,1,1,1,3.1825,6.7595,12,0,1,1,0,140,148,0,62,457
32350,Zeneggen,2,H-H,1,1,1,4.103,7.3665,13.5,1,1,1,162,143,153,0,64,603
33532,Zeneggen,2,H-H,1,1,1,3.4495,7.9525,18,0,1,1,0,0,153,0,69,2540
31986,Zeneggen,2,H-H,1,1,1,3.117,6.828,12.5,1,1,1,154,140,148,0,69,0
34286,Zeneggen,2,H-H,1,1,1,3.581,7.6055,15.5,1,1,1,154,133,145,0,72,1114
34660,Zeneggen,2,H-H,1,1,1,3.7485,6.8775,14.5,1,1,1,154,140,148,0,80,0
33487,Zeneggen,2,H-H,1,1,0,4.2815,8.2545,0,0,1,0,0,140,0,0,84,0
33342,Zeneggen,2,H-H,1,1,1,4.407,8.0245,16.5,0,1,1,0,140,151,0,87,1175
34015,Zeneggen,2,H-H,1,1,1,2.297,7.4095,17,0,1,1,0,143,151,0,91,771
32136,Zeneggen,2,H-H,1,1,1,3.762,7.559,13.5,1,1,1,176,140,148,0,115,647
31537,Zeneggen,2,H-H,1,1,1,2.719,6.5545,13.5,0,1,1,0,135,151,0,121,307
32662,Zeneggen,2,H-H,1,1,1,2.8275,5.843,18.5,1,1,1,0,140,153,0,126,0
34630,Zeneggen,2,H-H,1,1,1,3.8585,6.5555,12,1,1,1,162,133,0,0,128,546
34500,Zeneggen,2,H-L,1,1,1,3.8385,7.31,18.5,0,1,1,0,140,151,0,129,0
34770,Zeneggen,2,H-H,1,1,1,3.9375,5.121,18.5,0,1,1,0,133,145,0,129,1532
33375,Zeneggen,2,H-L,1,1,1,3.7185,9.9905,14,1,1,1,154,150,155,0,134,0
32963,Zeneggen,2,H-L,1,1,1,3.1075,3.7555,0,0,1,1,0,143,158,0,162,0
34585,Zeneggen,2,H-H,1,1,1,3.176,5.6185,11,0,1,1,0,134,145,0,163,0
32287,Zeneggen,2,H-H,1,1,1,2.641,8.081,15,1,1,1,172,140,153,0,163,52
31476,Zeneggen,2,H-H,1,1,1,3.462,9.41,18,0,1,1,0,135,148,0,171,0
31617,Zeneggen,2,H-H,1,1,1,4.5475,6.346,15.5,1,1,1,154,140,151,0,174,38
31996,Zeneggen,2,H-H,1,1,1,3.832,8.2995,10.5,1,1,1,149,134,141,0,183,0
31602,Zeneggen,2,H-H,1,1,1,3.837,6.3515,14.5,1,1,1,149,134,151,0,187,0
31739,Zeneggen,2,H-H,1,1,1,0,7.166,14.5,0,1,1,0,140,145,0,203,176
33527,Zeneggen,2,H-H,1,1,1,4.2225,6.8175,13.5,1,1,1,154,128,145,0,205,25
34690,Zeneggen,2,H-H,1,1,1,3.589,0,13.5,1,1,1,154,146,153,0,212,1319
32416,Zeneggen,2,H-H,1,1,1,3.187,6.947,15.5,1,1,1,149,133,141,0,212,54
32688,Zeneggen,2,H-H,1,1,1,3.465,7.4095,18,1,1,1,0,143,153,0,221,1083
33855,Zeneggen,2,H-H,1,1,1,2.9075,7.2495,14,1,1,1,169,143,155,0,261,513
32973,Zeneggen,2,H-H,1,1,1,2.8505,5.6015,11,1,1,1,154,146,153,0,263,0
31446,Zeneggen,2,H-L,1,1,1,3.675,7.311,15,1,1,1,154,140,151,0,311,1225
32511,Zeneggen,2,H-H,1,1,1,2.263,6.024,13.5,1,1,1,162,140,148,19,313,1729
31677,Zeneggen,2,H-H,1,1,1,2.629,8.0985,10.5,1,1,1,162,134,0,0,313,0
34710,Zeneggen,2,H-H,1,1,1,0,8.854,12.5,1,1,1,149,133,0,0,321,449
33595,Zeneggen,2,H-H,1,1,1,4.4765,8.8905,15.5,1,1,1,154,133,148,0,333,92
33357,Zeneggen,2,H-H,1,1,1,4.588,8.112,21,1,1,1,154,140,151,0,347,496
34105,Zeneggen,2,H-H,1,1,1,0,0,19,1,1,1,149,140,151,0,373,2426
33492,Zeneggen,2,H-H,1,1,1,4.1025,8.534,13.5,1,1,1,154,134,148,0,387,35
32873,Zeneggen,2,H-H,1,1,1,2.193,5.6665,13.5,0,1,1,0,143,148,0,407,0
34455,Zeneggen,2,H-H,1,1,1,2.7055,5.8255,14,1,1,1,154,140,145,0,412,1403
31687,Zeneggen,2,H-L,1,1,1,4.125,9.5645,11.5,1,1,1,162,140,155,0,427,27
34705,Zeneggen,2,H-H,1,1,1,3.8615,6.8165,22.5,1,1,1,149,133,0,0,431,537
32617,Zeneggen,2,H-L,1,1,1,3.33,8.8755,20.5,1,1,1,162,143,151,0,475,250
32586,Zeneggen,2,H-H,1,1,1,4.8485,7.012,19,0,1,1,0,140,151,0,506,0
34760,Zeneggen,2,H-H,1,1,1,3.0135,8.043,19,1,1,1,162,140,151,0,518,1163
32099,Zeneggen,2,H-H,1,1,1,0,7.6465,15,1,1,1,154,135,151,0,519,1092
32149,Zeneggen,2,H-H,1,1,1,3.7065,6.8305,17,1,1,1,154,143,153,0,520,517
33247,Zeneggen,2,H-L,1,1,1,0,8.8705,0,1,1,1,154,146,155,0,554,184
32903,Zeneggen,2,H-H,1,1,1,3.6025,7.11,11,1,1,1,154,140,151,0,598,0
33277,Zeneggen,2,H-L,1,1,1,4.712,0,16.5,1,1,1,154,140,151,0,653,1116
33865,Zeneggen,2,H-H,1,1,1,4.2215,7.284,15.5,1,1,1,162,133,151,0,668,1660
33028,Zeneggen,2,H-L,1,1,1,2.75,7.2125,14,1,1,1,0,143,0,0,675,720
31351,Zeneggen,2,H-H,1,1,1,4.933,7.3905,13.5,1,1,1,162,140,148,0,679,0
32878,Zeneggen,2,H-H,1,1,1,3.205,10.0965,0,1,1,1,169,146,0,0,681,717
31637,Zeneggen,2,H-H,1,1,1,3.69,10.022,17.5,1,1,1,154,140,145,0,733,NA
32367,Zeneggen,2,H-H,1,1,1,4.1965,8.4585,11.5,1,1,1,154,140,153,18,755,248
32411,Zeneggen,2,H-H,1,1,1,2.7705,8.4905,16.5,0,1,1,0,140,151,0,764,NA
34180,Zeneggen,2,H-H,1,1,1,2.655,8.05885,22.5,1,1,1,154,140,148,0,903,NA
32667,Zeneggen,2,H-H,1,1,0,0,7.5345,0,1,1,0,154,140,0,19,951,0
33332,Zeneggen,2,H-H,1,1,1,3.849,6.501,11.5,1,1,1,154,133,148,0,985,1516
33203,Zeneggen,2,H-H,1,1,1,3.28,5.8455,16,1,1,1,154,134,145,0,1062,0
32442,Zeneggen,2,H-H,1,1,1,2.7255,8.3235,16,1,1,1,154,140,151,0,1070,26
32070,Zeneggen,2,H-H,1,1,1,3.0535,0,10,1,1,1,162,143,148,41,1084,0
33362,Zeneggen,2,H-H,1,1,1,0,8.2295,12.5,1,1,1,0,133,148,0,1120,486
34190,Zeneggen,2,H-H,1,1,1,3.2935,0,16,1,1,1,154,143,155,0,1325,1495
33063,Zeneggen,2,H-H,1,1,1,4.0265,5.392,10,1,1,1,162,133,148,0,1413,175
33507,Zeneggen,2,H-L,1,1,1,4.036,8.8325,14,1,1,1,149,134,145,38,1488,901
31642,Zeneggen,2,H-H,1,1,1,3.196,10.224,14,1,1,1,154,140,148,0,NA,1152
32043,Zeneggen,2,H-L,1,1,1,4.254,0,16.5,1,1,1,149,133,148,23,NA,2419
33053,Zeneggen,2,H-H,1,1,1,0,8.661,18,1,1,1,154,133,0,41,NA,0
34755,Zeneggen,2,H-H,1,1,1,4.1025,5.8355,12,1,1,1,154,140,151,38,NA,2063
34615,Zeneggen,2,H-H,1,1,1,4.7585,7.6585,17,1,1,1,149,133,145,41,NA,NA
32556,Zeneggen,2,H-H,1,1,1,4.0615,10.342,21.5,1,1,1,149,134,151,0,NA,274
30006,Findeln,1,H-L,1,1,1,2.423,0,13,0,1,1,0,0,196,0,0,0
30011,Findeln,1,H-H,1,1,1,3.2975,8.5,11,0,0,1,0,0,189,0,0,34
30021,Findeln,1,H-H,0,0,0,0,0,0,0,0,0,0,0,0,0,0,0
30026,Findeln,1,H-H,1,0,0,0.746,0,0,0,0,0,0,0,0,0,0,0
30041,Findeln,1,H-H,1,1,1,2.0675,8.5,11.5,0,0,1,0,0,193,0,0,26
30046,Findeln,1,H-H,1,1,1,1.9725,0,12.5,0,1,1,0,188,182,0,0,0
30061,Findeln,1,H-H,0,0,0,0,0,0,0,0,0,0,0,0,0,0,0
30066,Findeln,1,H-H,1,1,1,1.3375,3,3.5,0,0,0,0,0,0,0,0,0
30081,Findeln,1,H-H,1,0,0,0.428,0,0,0,0,0,0,0,0,0,0,0
30086,Findeln,1,H-H,1,1,1,0,7.5,7,0,0,1,0,0,0,0,0,0
30101,Findeln,1,H-H,1,1,1,1.152,2.5,3.5,0,0,0,0,0,0,0,0,0
30106,Findeln,1,H-H,0,0,0,0,0,0,0,0,0,0,0,0,0,0,0
30136,Findeln,1,H-H,0,0,0,0,0,0,0,0,0,0,0,0,0,0,0
30151,Findeln,1,H-H,0,0,0,0,0,0,0,0,0,0,0,0,0,0,0
30176,Findeln,1,H-H,1,1,1,2.067,5.5,7,0,0,1,0,0,203,0,0,0
30191,Findeln,1,H-H,0,0,0,0,0,0,0,0,0,0,0,0,0,0,0
30196,Findeln,1,H-H,0,0,0,0,0,0,0,0,0,0,0,0,0,0,0
30201,Findeln,1,H-L,1,1,1,1.992,6.5,0,0,0,1,0,0,193,0,0,84
30221,Findeln,1,H-L,1,0,0,1.4715,0,0,0,0,0,0,0,0,0,0,0
30241,Findeln,1,H-H,1,1,1,2.326,9.5,10,0,0,1,0,0,186,0,0,31
30258,Findeln,1,H-H,0,0,0,0,0,0,0,0,0,0,0,0,0,0,0
30264,Findeln,1,H-L,0,0,0,0,0,0,0,0,0,0,0,0,0,0,0
30284,Findeln,1,H-H,1,0,0,0.891,0,0,0,0,0,0,0,0,0,0,0
30289,Findeln,1,H-L,1,1,1,1.677,2.5,4,0,0,0,0,0,0,0,0,0
30304,Findeln,1,H-L,1,1,1,1.6455,4.5,6,0,0,1,0,0,203,0,0,0
30334,Findeln,1,H-L,1,1,0,1.0235,3.5,0,0,0,0,0,0,0,0,0,0
30375,Findeln,1,H-L,1,1,1,2.522,9.5,12,0,0,1,0,0,196,0,0,0
30380,Findeln,1,H-L,1,1,1,1.6375,0,4.5,0,0,0,0,0,0,0,0,0
30395,Findeln,1,H-L,1,0,0,0.963,0,0,0,0,0,0,0,0,0,0,0
30450,Findeln,1,H-H,0,0,0,0,0,0,0,0,0,0,0,0,0,0,0
30455,Findeln,1,H-L,0,0,0,0,0,0,0,0,0,0,0,0,0,0,0
30470,Findeln,1,H-L,1,1,1,2.0715,8.5,9.5,0,0,1,0,0,193,0,0,175
30485,Findeln,1,H-L,0,0,0,0,0,0,0,0,0,0,0,0,0,0,0
30496,Findeln,1,H-L,1,1,1,2.1475,7,7,0,0,1,0,0,207,0,0,0
30511,Findeln,1,H-L,1,1,1,2.449,8,9.5,0,0,1,0,0,186,0,0,0
30516,Findeln,1,H-H,1,1,1,1.232,3.5,4,0,0,0,0,0,0,0,0,0
30536,Findeln,1,H-L,1,1,1,2.6085,10.5,14,0,1,1,0,198,189,0,0,0
30546,Findeln,1,H-L,1,1,1,1.7605,4,5,0,0,1,0,0,196,0,0,0
30556,Findeln,1,H-L,0,0,0,0,0,0,0,0,0,0,0,0,0,0,0
30571,Findeln,1,H-H,1,1,1,1.531,5.5,7,0,0,1,0,0,189,0,0,0
30581,Findeln,1,H-H,1,1,1,3.004,7.5,9.5,0,0,1,0,0,200,0,0,0
30596,Findeln,1,H-H,1,1,1,0,7.5,11.5,1,1,1,185,188,189,18,0,44
30611,Findeln,1,H-L,1,1,1,1.9195,6.5,8,0,0,1,0,0,193,0,0,18
30616,Findeln,1,H-H,1,1,1,2.573,6.5,8,0,0,1,0,0,186,0,0,98
30621,Findeln,1,H-H,1,1,1,0,9,9,1,1,1,192,191,182,0,0,0
30634,Findeln,1,H-H,0,0,0,0,0,0,0,0,0,0,0,0,0,0,0
30652,Findeln,1,H-H,1,1,1,0,0,12,0,1,1,0,191,196,0,0,0
30658,Findeln,1,H-H,0,0,0,0,0,0,0,0,0,0,0,0,0,0,0
30677,Findeln,1,H-L,0,0,0,0,0,0,0,0,0,0,0,0,0,0,0
30696,Findeln,1,H-L,1,1,1,3.6295,0,11,0,1,1,0,191,196,0,0,0
30703,Findeln,1,H-L,1,1,1,2.2355,8,7.5,0,0,1,0,0,186,0,0,0
30709,Findeln,1,H-H,1,1,1,1.508,8,8.5,0,1,1,0,0,189,0,0,0
30728,Findeln,1,H-H,0,0,0,0,0,0,0,0,0,0,0,0,0,0,0
30733,Findeln,1,H-L,1,1,1,1.2325,2.5,3,0,0,NA,0,0,0,0,0,0
30738,Findeln,1,H-L,1,1,1,1.5055,5.5,7.5,0,0,1,0,0,0,0,0,0
30748,Findeln,1,H-H,1,1,1,2.94,9,12.5,0,1,1,0,195,193,0,0,0
30753,Findeln,1,H-L,1,1,1,1.14,4,8,0,0,NA,0,0,0,0,0,0
30768,Findeln,1,H-H,1,1,1,3.383,11,9,0,1,1,0,198,179,0,0,0
30773,Findeln,1,H-H,0,0,0,0,0,0,0,0,0,0,0,0,0,0,0
30778,Findeln,1,H-L,1,1,1,2.0955,8,9.5,0,0,1,0,0,200,0,0,0
30783,Findeln,1,H-H,1,1,1,1.8465,5.5,6,0,0,1,0,0,186,0,0,0
30803,Findeln,1,H-H,0,0,0,0,0,0,0,0,0,0,0,0,0,0,0
30823,Findeln,1,H-H,1,1,1,2.862,10.05,10,0,0,1,0,0,193,0,0,44
30828,Findeln,1,H-H,0,0,0,0,0,0,0,0,0,0,0,0,0,0,0
30838,Findeln,1,H-L,1,1,0,1.5245,5,0,0,0,0,0,0,0,0,0,0
30843,Findeln,1,H-H,0,0,0,0,0,0,0,0,0,0,0,0,0,0,0
30853,Findeln,1,H-L,0,0,0,0,0,0,0,0,0,0,0,0,0,0,0
30863,Findeln,1,H-L,1,1,1,2.8905,8.5,11,0,0,1,0,0,193,0,0,0
30868,Findeln,1,H-L,1,1,1,2.2315,11,11,0,0,1,0,0,186,0,0,19
30873,Findeln,1,H-H,0,0,0,0,0,0,0,0,0,0,0,0,0,0,0
30903,Findeln,1,H-H,1,1,1,2.075,6.5,10.5,0,0,1,0,0,186,0,0,0
30908,Findeln,1,H-H,1,1,1,2.715,8,6.5,0,0,1,0,0,189,0,0,0
30918,Findeln,1,H-L,0,0,0,0,0,0,0,0,0,0,0,0,0,0,0
30933,Findeln,1,H-H,1,1,1,3.0445,6.5,6.5,0,1,1,0,188,179,0,0,0
30943,Findeln,1,H-H,1,1,1,2.235,6.5,9.5,0,1,1,0,195,200,0,0,0
30953,Findeln,1,H-H,1,1,1,1.9195,7.75,10,0,0,1,0,0,193,0,0,0
30968,Findeln,1,H-H,0,0,0,0,0,0,0,0,0,0,0,0,0,0,0
30998,Findeln,1,H-H,1,0,0,1.3255,0,0,0,0,0,0,0,0,0,0,0
31008,Findeln,1,H-H,1,1,0,1.353,0,0,0,0,0,0,0,0,0,0,0
31023,Findeln,1,H-L,1,1,1,2.2965,7.5,14,0,1,1,0,198,193,0,0,199
31265,Findeln,1,H-H,0,0,0,0,0,0,0,0,0,0,0,0,0,0,0
31270,Findeln,1,H-H,1,1,1,3.371,5.5,10.5,1,1,1,185,191,189,0,0,0
31275,Findeln,1,H-L,0,0,0,0,0,0,0,0,0,0,0,0,0,0,0
31322,Findeln,1,H-L,1,1,1,2.273,8,9.5,0,0,1,0,0,193,0,0,0
31339,Findeln,1,H-H,1,1,1,1.931,7.5,6.5,0,0,1,0,0,0,0,0,0
31344,Findeln,1,H-H,1,1,1,4.015,10.5,11,0,1,1,0,198,186,0,0,33
31349,Findeln,1,H-L,1,1,1,1.1145,5,6,0,0,0,0,0,0,0,0,0
31379,Findeln,1,H-L,1,1,1,4.103,9.5,10,0,1,1,0,195,189,0,0,0
31384,Findeln,1,H-L,1,1,1,2.4785,8.5,7.5,0,1,1,0,191,193,0,0,0
31434,Findeln,1,H-L,0,0,0,0,0,0,0,0,0,0,0,0,0,0,0
31439,Findeln,1,H-L,0,0,0,0,0,0,0,0,0,0,0,0,0,0,0
31444,Findeln,1,H-L,0,0,0,0,0,0,0,0,0,0,0,0,0,0,0
31449,Findeln,1,H-L,0,0,0,0,0,0,0,0,0,0,0,0,0,0,0
31500,Findeln,1,H-H,1,1,1,1.478,6.5,7,0,0,0,0,0,0,0,0,0
31505,Findeln,1,H-H,0,0,0,0,0,0,0,0,0,0,0,0,0,0,0
31510,Findeln,1,H-H,1,1,1,1.886,4.5,9,0,0,1,0,0,193,0,0,0
31520,Findeln,1,H-L,0,0,0,0,0,0,0,0,0,0,0,0,0,0,0
31530,Findeln,1,H-H,0,0,0,0,0,0,0,0,0,0,0,0,0,0,0
31535,Findeln,1,H-H,1,1,1,1.7295,4,7.5,0,0,0,0,0,0,0,0,0
31540,Findeln,1,H-H,0,0,0,0,0,0,0,0,0,0,0,0,0,0,0
31565,Findeln,1,H-H,1,1,1,2.5495,7,9,0,1,1,0,195,186,0,0,18
31610,Findeln,1,H-H,0,0,0,0,0,0,0,0,0,0,0,0,0,0,0
31680,Findeln,1,H-L,0,0,0,0,0,0,0,0,0,0,0,0,0,0,0
31737,Findeln,1,H-H,1,1,1,2.947,6,8,0,0,1,0,0,196,0,0,0
31742,Findeln,1,H-L,0,0,0,0,0,0,0,0,0,0,0,0,0,0,0
31754,Findeln,1,H-H,0,0,0,0,0,0,0,0,0,0,0,0,0,0,0
31867,Findeln,1,H-L,1,1,1,3.265,7.5,10.5,1,0,1,206,0,189,21,0,0
32519,Findeln,1,H-H,1,0,0,1.644,0,0,0,0,0,0,0,0,0,0,0
32554,Findeln,1,H-H,1,1,1,1.8375,6,6,0,0,1,0,0,0,0,0,0
32559,Findeln,1,H-H,1,1,1,1.898,6,8.5,0,0,1,0,0,196,0,0,19
32564,Findeln,1,H-L,0,0,0,0,0,0,0,0,0,0,0,0,0,0,0
32584,Findeln,1,H-L,1,1,1,1.1115,0,8.5,0,0,1,0,0,193,0,0,18
32589,Findeln,1,H-H,0,0,0,0,0,0,0,0,0,0,0,0,0,0,0
32594,Findeln,1,H-H,1,1,1,2.101,7,10.5,0,1,1,0,205,196,0,0,0
32650,Findeln,1,H-H,1,1,0,2.6955,7,0,0,0,0,0,0,0,0,0,0
32655,Findeln,1,H-H,0,0,0,0,0,0,0,0,0,0,0,0,0,0,0
32675,Findeln,1,H-H,1,1,1,1.1175,3,4.5,0,0,0,0,0,0,0,0,0
32682,Findeln,1,H-H,1,1,1,2.4075,7,8,0,1,1,0,209,200,0,0,0
32711,Findeln,1,H-H,0,0,0,0,0,0,0,0,0,0,0,0,0,0,0
32721,Findeln,1,H-H,1,1,1,2.336,7,9,0,0,1,0,0,193,0,0,0
32731,Findeln,1,H-H,0,0,0,0,0,0,0,0,0,0,0,0,0,0,0
32751,Findeln,1,H-H,1,1,1,1.3505,3.5,5.5,0,0,1,0,0,0,0,0,0
32761,Findeln,1,H-H,1,1,1,1.7535,4.5,7,0,0,1,0,0,0,0,0,0
32766,Findeln,1,H-H,0,0,0,0,0,0,0,0,0,0,0,0,0,0,0
32801,Findeln,1,H-L,0,0,0,0,0,0,0,0,0,0,0,0,0,0,0
32806,Findeln,1,H-L,1,1,1,1.524,3.5,4.5,0,0,0,0,0,0,0,0,0
32811,Findeln,1,H-L,0,0,0,0,0,0,0,0,0,0,0,0,0,0,0
32826,Findeln,1,H-L,1,0,0,0.858,0,0,0,0,0,0,0,0,0,0,0
32831,Findeln,1,H-L,1,1,1,3.168,6,9.5,1,1,1,196,0,200,0,0,99
32846,Findeln,1,H-H,1,1,0,1.0805,3.5,0,0,0,0,0,0,0,0,0,0
32911,Findeln,1,H-H,0,0,0,0,0,0,0,0,0,0,0,0,0,0,0
32921,Findeln,1,H-H,1,1,1,1.8555,5.5,6.5,0,1,1,0,198,189,0,0,0
32926,Findeln,1,H-H,0,0,0,0,0,0,0,0,0,0,0,0,0,0,0
32936,Findeln,1,H-H,0,0,0,0,0,0,0,0,0,0,0,0,0,0,0
32946,Findeln,1,H-L,0,0,0,0,0,0,0,0,0,0,0,0,0,0,0
32956,Findeln,1,H-H,0,0,0,0,0,0,0,0,0,0,0,0,0,0,0
32971,Findeln,1,H-L,1,1,1,2.0365,6.5,8.5,0,0,1,0,0,196,0,0,0
33016,Findeln,1,H-L,0,0,0,0,0,0,0,0,0,0,0,0,0,0,0
33051,Findeln,1,H-H,0,0,0,0,0,0,0,0,0,0,0,0,0,0,0
33066,Findeln,1,H-H,0,0,0,0,0,0,0,0,0,0,0,0,0,0,0
33116,Findeln,1,H-L,1,1,1,1.767,6,7,0,0,1,0,0,196,0,0,0
33136,Findeln,1,H-L,1,1,0,0,2.5,0,0,0,0,0,0,0,0,0,0
33255,Findeln,1,H-H,1,1,1,1.5945,6.4,9.5,0,0,1,0,0,189,0,0,0
33774,Findeln,1,H-H,1,1,1,1.525,4.5,7,0,0,0,0,0,0,0,0,0
33779,Findeln,1,H-L,0,0,0,0,0,0,0,0,0,0,0,0,0,0,0
33804,Findeln,1,H-H,1,1,1,2.328,7.5,8.5,0,1,1,0,198,193,0,0,0
33809,Findeln,1,H-H,1,1,1,3.166,7.5,10,0,1,1,0,198,193,0,0,112
33814,Findeln,1,H-H,1,1,1,1.4915,7.5,10.5,0,0,1,0,0,179,0,0,0
33824,Findeln,1,H-H,1,0,0,0,0,0,1,0,0,189,0,0,0,0,0
33829,Findeln,1,H-L,1,1,1,1.4065,4.5,6.5,0,0,0,0,0,0,0,0,0
33834,Findeln,1,H-L,0,0,0,0,0,0,0,0,0,0,0,0,0,0,0
33858,Findeln,1,H-H,1,1,1,3.074,7,8,0,1,1,0,205,200,0,0,0
33873,Findeln,1,H-H,0,0,0,0,0,0,0,0,0,0,0,0,0,0,0
33878,Findeln,1,H-L,1,1,1,2.1855,9.5,11.5,0,1,1,0,195,196,0,0,34
33888,Findeln,1,H-L,1,1,1,2.19,6.5,7,0,1,1,0,202,189,0,0,0
33893,Findeln,1,H-L,1,1,1,2.17,4,5.5,0,0,1,0,0,203,0,0,0
33913,Findeln,1,H-H,1,1,1,1.3175,4.5,7,0,0,1,0,0,193,0,0,17
33935,Findeln,1,H-H,0,0,0,0,0,0,0,0,0,0,0,0,0,0,0
33957,Findeln,1,H-L,0,0,0,0,0,0,0,0,0,0,0,0,0,0,0
33977,Findeln,1,H-H,0,0,0,0,0,0,0,0,0,0,0,0,0,0,0
33988,Findeln,1,H-H,0,0,0,0,0,0,0,0,0,0,0,0,0,0,0
33993,Findeln,1,H-H,0,0,0,0,0,0,0,0,0,0,0,0,0,0,0
34013,Findeln,1,H-H,1,1,1,2.918,8,5.5,0,1,1,0,202,193,0,0,0
34043,Findeln,1,H-H,0,0,0,0,0,0,0,0,0,0,0,0,0,0,0
34048,Findeln,1,H-H,1,1,1,2.509,9,0,0,1,1,0,191,193,0,0,0
34053,Findeln,1,H-L,1,1,1,1.4445,5.5,5.5,0,0,0,0,0,0,0,0,0
34058,Findeln,1,H-L,0,0,0,0,0,0,0,0,0,0,0,0,0,0,0
34063,Findeln,1,H-H,0,0,0,0,0,0,0,0,0,0,0,0,0,0,0
34068,Findeln,1,H-H,0,0,0,0,0,0,0,0,0,0,0,0,0,0,0
34073,Findeln,1,H-H,0,0,0,0,0,0,0,0,0,0,0,0,0,0,0
34078,Findeln,1,H-H,1,1,0,1.86,0,0,0,0,0,0,0,0,0,0,0
34088,Findeln,1,H-L,1,1,0,0.746,2,0,0,0,0,0,0,0,0,0,0
34108,Findeln,1,H-H,1,1,1,2.131,7.5,8.5,0,0,1,0,0,182,0,0,21
34128,Findeln,1,H-L,1,1,1,1.856,5,6,0,1,1,0,202,193,0,0,0
34143,Findeln,1,H-H,1,1,1,1.694,8,7,0,0,0,0,0,0,0,0,0
34148,Findeln,1,H-L,1,1,1,1.9855,6,7.5,0,0,1,0,0,200,0,0,0
34173,Findeln,1,H-L,1,1,1,0.781,2,0,0,0,0,0,0,0,0,0,0
34193,Findeln,1,H-L,0,0,0,0,0,0,0,0,0,0,0,0,0,0,0
34239,Findeln,1,H-L,0,0,0,0,0,0,0,0,0,0,0,0,0,0,0
34249,Findeln,1,H-L,1,1,0,1.051,2,0,0,0,0,0,0,0,0,0,0
34259,Findeln,1,H-L,1,1,1,1.654,2,3,0,0,0,0,0,0,0,0,0
34269,Findeln,1,H-L,0,0,0,0,0,0,0,0,0,0,0,0,0,0,0
34279,Findeln,1,H-H,0,0,0,0,0,0,0,0,0,0,0,0,0,0,0
34284,Findeln,1,H-H,0,0,0,0,0,0,0,0,0,0,0,0,0,0,0
34324,Findeln,1,H-L,1,1,1,2.4005,7,8.5,0,0,1,0,0,193,0,0,0
34334,Findeln,1,H-L,0,0,0,0,0,0,0,0,0,0,0,0,0,0,0
34339,Findeln,1,H-H,1,1,1,1.293,5,8.5,0,0,1,0,0,189,0,0,0
34359,Findeln,1,H-H,1,1,1,1.2835,5,8,0,0,1,0,0,196,0,0,0
34374,Findeln,1,H-H,0,0,0,0,0,0,0,0,0,0,0,0,0,0,0
34379,Findeln,1,H-H,1,1,1,1.68,5,5.5,0,0,1,0,0,193,0,0,0
34389,Findeln,1,H-L,0,0,0,0,0,0,0,0,0,0,0,0,0,0,0
34399,Findeln,1,H-H,0,0,0,0,0,0,0,0,0,0,0,0,0,0,0
34404,Findeln,1,H-L,0,0,0,0,0,0,0,0,0,0,0,0,0,0,0
34419,Findeln,1,H-H,0,0,0,0,0,0,0,0,0,0,0,0,0,0,0
34424,Findeln,1,H-H,1,1,1,1.783,7,8.5,0,0,1,0,0,189,0,0,0
34463,Findeln,1,H-H,0,0,0,0,0,0,0,0,0,0,0,0,0,0,0
34468,Findeln,1,H-H,1,1,1,0.8475,3,5.5,0,0,0,0,0,0,0,0,0
34473,Findeln,1,H-H,0,0,0,0,0,0,0,0,0,0,0,0,0,0,0
34478,Findeln,1,H-H,0,0,0,0,0,0,0,0,0,0,0,0,0,0,0
34483,Findeln,1,H-H,1,1,1,2.3515,0,8,0,0,1,0,0,186,0,0,0
34354,Findeln,1,H-L,1,1,1,2.4645,8,9.5,0,1,1,0,195,200,0,18,0
30440,Findeln,1,H-L,1,1,0,0,10.5,0,1,1,0,182,188,0,0,19,0
33908,Findeln,1,H-H,1,1,1,4.1315,0,11.5,0,1,1,0,184,182,0,24,0
32625,Findeln,1,H-L,1,1,1,2.036,7.5,11,0,1,1,0,195,193,0,28,NA
31003,Findeln,1,H-H,1,1,1,0,8,10,1,1,1,192,184,189,0,36,0
32736,Findeln,1,H-H,1,1,1,2.415,6.5,9,0,1,1,0,198,193,0,39,0
32524,Findeln,1,H-L,1,1,1,3.0055,6.5,7.5,1,1,1,189,195,189,46,54,0
30001,Findeln,1,H-H,1,1,1,0,10,11,1,1,1,185,188,196,128,60,0
32931,Findeln,1,H-H,1,1,1,2.53,7.5,11,0,1,1,0,188,189,0,63,0
30121,Findeln,1,H-L,1,1,1,2.876,9,0,1,1,0,203,191,0,26,74,0
31310,Findeln,1,H-L,1,1,1,2.5425,7,12,0,1,1,0,191,196,0,79,213
32610,Findeln,1,H-L,1,1,1,1.5735,6.5,6,0,1,1,0,195,193,0,171,112
30420,Findeln,1,H-H,1,1,1,3.331,10.5,13,1,1,1,199,184,189,29,216,68
31414,Findeln,1,H-H,1,1,1,3.2675,6.5,12.5,1,1,1,189,184,182,0,237,148
31545,Findeln,1,H-L,1,1,1,0,0,13,0,1,1,0,188,186,0,364,0
30246,Findeln,1,H-L,1,1,0,0,0,0,0,1,0,0,0,0,0,NA,0
30211,Findeln,2,H-H,1,1,1,4.1755,12,14,1,1,1,203,198,193,96,0,0
31260,Findeln,2,H-H,0,0,0,0,0,0,0,0,0,0,0,0,0,0,0
31354,Findeln,2,H-H,1,1,1,1.7715,5,0,0,0,1,0,0,200,0,0,0
31364,Findeln,2,H-H,1,1,1,2.499,7.5,10.5,0,0,1,0,0,189,0,0,23
31374,Findeln,2,H-H,1,1,1,2.324,10.5,9.5,0,0,1,0,0,186,0,0,0
31394,Findeln,2,H-H,1,1,1,1.5875,6.5,8,0,0,1,0,0,186,0,0,0
31459,Findeln,2,H-H,1,1,1,1.868,9,10,0,0,1,0,0,189,0,0,0
31464,Findeln,2,H-H,1,1,1,3.592,6.5,10,0,0,1,0,0,182,0,0,0
31469,Findeln,2,H-H,1,0,0,1.287,0,0,0,0,0,0,0,0,0,0,0
31474,Findeln,2,H-H,1,1,1,1.7845,7.5,9,0,0,1,0,0,193,0,0,0
31550,Findeln,2,H-H,1,1,1,3.2995,9,11.5,1,1,1,192,188,186,0,0,0
31555,Findeln,2,H-H,1,1,1,2.743,10,11,0,1,1,0,202,193,0,0,0
31560,Findeln,2,H-H,1,1,1,2.5425,10.5,11,0,1,0,0,191,0,0,0,0
31575,Findeln,2,H-H,1,1,1,2.662,4.5,8,0,0,0,0,0,0,0,0,0
31580,Findeln,2,H-H,1,1,1,2.59,8,11.5,0,0,1,0,0,193,0,0,0
31590,Findeln,2,H-H,1,1,1,2.777,7,9.5,0,0,1,0,0,189,0,0,0
31605,Findeln,2,H-H,1,1,1,2.499,7.5,8.5,0,0,1,0,0,186,0,0,0
31630,Findeln,2,H-H,1,1,1,2.555,10.5,11,0,0,1,0,0,179,0,0,31
31640,Findeln,2,H-H,1,1,1,2.352,7.5,8.5,0,0,1,0,0,0,0,0,30
31650,Findeln,2,H-H,1,1,1,4.4085,12,14.5,0,1,1,0,184,186,0,0,0
31665,Findeln,2,H-H,1,1,1,3.1445,13,11.5,0,1,1,0,188,182,0,0,0
31701,Findeln,2,H-H,1,1,1,1.3675,5.5,6.5,0,0,1,0,0,186,0,0,0
31712,Findeln,2,H-H,0,0,0,0,0,0,0,0,0,0,0,0,0,0,0
31727,Findeln,2,H-H,1,1,1,3.727,8,14.5,0,1,0,0,188,0,0,0,0
31732,Findeln,2,H-H,0,0,0,0,0,0,0,0,0,0,0,0,0,0,0
31817,Findeln,2,H-H,1,0,0,1.219,0,0,0,0,0,0,0,0,0,0,0
31837,Findeln,2,H-L,1,1,1,2.815,8.5,11.5,0,1,1,0,202,189,0,0,32
31856,Findeln,2,H-H,1,1,1,2.5395,6.5,8,0,0,1,0,0,196,0,0,0
31879,Findeln,2,H-L,1,1,1,3.2125,9.5,11,0,1,1,0,195,189,0,0,33
31899,Findeln,2,H-H,1,1,1,2.1975,6.5,8,0,0,1,0,0,196,0,0,0
31919,Findeln,2,H-H,1,1,1,3.362,9,15,0,1,1,0,188,193,0,0,0
31929,Findeln,2,H-H,1,1,1,2.1715,10,10.5,0,1,1,0,195,189,0,0,0
31964,Findeln,2,H-H,1,1,1,2.208,8,9,0,0,1,0,0,179,0,0,0
31969,Findeln,2,H-H,0,0,0,0,0,0,0,0,0,0,0,0,0,0,0
31999,Findeln,2,H-H,1,1,1,3.0385,10,10,0,1,1,0,191,182,0,0,0
32009,Findeln,2,H-H,1,1,1,2.5945,9,12,0,0,1,0,0,186,0,0,0
32017,Findeln,2,H-H,1,1,1,3.339,11,10.5,0,1,1,0,195,186,0,0,132
32024,Findeln,2,H-H,1,1,1,2.571,0,10,0,1,0,0,202,0,0,0,0
32057,Findeln,2,H-H,1,1,1,1.87,4.5,9,0,0,1,0,0,196,0,0,0
32109,Findeln,2,H-H,1,1,1,2.9775,10.5,11.5,0,1,1,0,184,182,0,0,136
32134,Findeln,2,H-L,1,1,1,1.976,6,8,0,0,1,0,0,193,0,0,0
32139,Findeln,2,H-L,0,0,0,0,0,0,0,0,0,0,0,0,0,0,0
32144,Findeln,2,H-H,1,1,1,2.957,8.5,11.5,0,0,1,0,0,186,0,0,0
32153,Findeln,2,H-H,1,1,1,1.661,6,8,0,0,1,0,0,186,0,0,0
32167,Findeln,2,H-L,1,0,0,1.159,0,0,0,0,0,0,0,0,0,0,0
32173,Findeln,2,H-H,1,1,0,2.5925,4.5,0,0,0,0,0,0,0,0,0,0
32178,Findeln,2,H-H,0,0,0,0,0,0,0,0,0,0,0,0,0,0,0
32220,Findeln,2,H-H,1,1,1,1.1125,3.5,6,0,0,0,0,0,0,0,0,0
32235,Findeln,2,H-L,0,0,0,0,0,0,0,0,0,0,0,0,0,0,0
32275,Findeln,2,H-H,1,1,1,1.3645,6,8.5,0,0,1,0,0,200,0,0,0
32280,Findeln,2,H-H,1,1,1,3.256,9,10,0,1,1,0,188,186,0,0,0
32345,Findeln,2,H-H,1,1,1,2.916,7.5,10,0,1,1,0,195,186,0,0,0
32389,Findeln,2,H-H,1,1,1,3.444,10.5,10,0,1,1,0,188,186,0,0,30
32399,Findeln,2,H-H,1,1,1,1.829,5.5,6.5,0,0,1,0,0,193,0,0,0
32409,Findeln,2,H-H,1,1,1,4.073,11,11.5,0,1,1,0,188,186,0,0,0
32514,Findeln,2,H-H,1,1,1,2.4015,6.5,9,0,0,1,0,0,186,0,0,0
32881,Findeln,2,H-H,0,0,0,0,0,0,0,0,0,0,0,0,0,0,0
32886,Findeln,2,H-H,0,0,0,0,0,0,0,0,0,0,0,0,0,0,0
32961,Findeln,2,H-L,0,0,0,0,0,0,0,0,0,0,0,0,0,0,0
32976,Findeln,2,H-L,1,1,1,2.0255,6,7,0,0,1,0,0,0,0,0,0
32981,Findeln,2,H-L,1,1,1,2.8145,8.5,11.5,0,1,1,0,191,186,0,0,0
32991,Findeln,2,H-H,1,1,1,1.759,7.5,7,0,0,1,0,0,0,0,0,0
33001,Findeln,2,H-H,1,0,0,0,0,0,0,0,0,0,0,0,0,0,0
33011,Findeln,2,H-H,1,1,1,2.1725,7,9,0,1,1,0,195,193,0,0,0
33021,Findeln,2,H-L,1,1,1,2.9995,9,15.5,0,1,1,0,0,196,0,0,0
33126,Findeln,2,H-L,1,1,1,1.835,6.5,9,0,0,1,0,0,193,0,0,23
33196,Findeln,2,H-H,1,1,1,3.61,8.5,12.5,0,0,1,0,0,189,0,0,21
33245,Findeln,2,H-H,0,0,0,0,0,0,0,0,0,0,0,0,0,0,0
33270,Findeln,2,H-H,1,1,1,3.046,8.5,10.5,0,0,1,0,0,193,0,0,0
33275,Findeln,2,H-L,1,1,1,3.021,10,12,0,0,1,0,0,189,0,0,0
33285,Findeln,2,H-L,0,0,0,0,0,0,0,0,0,0,0,0,0,0,0
33290,Findeln,2,H-H,1,1,1,3.1585,9,10,0,0,1,0,0,200,0,0,0
33295,Findeln,2,H-H,1,1,1,1.4555,5.5,6.5,0,0,0,0,0,0,0,0,0
33300,Findeln,2,H-H,1,1,0,2.743,10,0,0,0,0,0,0,0,0,0,0
33305,Findeln,2,H-L,0,0,0,0,0,0,0,0,0,0,0,0,0,0,0
33330,Findeln,2,H-H,1,1,1,2.023,8.5,11,0,0,1,0,0,186,0,0,30
33335,Findeln,2,H-L,1,1,1,3.196,8,6.5,0,0,1,0,0,200,0,0,0
33340,Findeln,2,H-H,1,1,1,1.0945,7,9.5,0,0,1,0,0,189,0,0,20
33367,Findeln,2,H-H,1,1,1,3.049,7,8.5,0,1,1,0,195,189,0,0,0
33394,Findeln,2,H-H,0,0,0,0,0,0,0,0,0,0,0,0,0,0,0
33425,Findeln,2,H-H,1,1,1,2.0045,4,10,0,0,1,0,0,193,0,0,0
33460,Findeln,2,H-H,1,1,1,2.5355,6.5,11,0,0,1,0,0,189,0,0,0
33470,Findeln,2,H-H,1,1,1,4.6015,9.5,12.5,0,1,1,0,184,179,0,0,19
33480,Findeln,2,H-H,0,0,0,0,0,0,0,0,0,0,0,0,0,0,0
33485,Findeln,2,H-H,1,1,0,2.3975,7,0,0,0,0,0,0,0,0,0,0
33530,Findeln,2,H-H,1,1,1,1.811,6.5,7,0,1,1,0,195,189,0,0,0
33588,Findeln,2,H-H,1,1,1,3.6445,10,14.5,0,0,1,0,0,186,0,0,0
33843,Findeln,2,H-H,0,0,0,0,0,0,0,0,0,0,0,0,0,0,0
33848,Findeln,2,H-H,0,0,0,0,0,0,0,0,0,0,0,0,0,0,0
33868,Findeln,2,H-H,1,1,1,1.9325,7,8,0,0,1,0,0,186,0,0,27
33998,Findeln,2,H-H,1,1,1,2.6575,6.5,9,0,1,1,0,191,186,0,0,0
34003,Findeln,2,H-H,1,1,1,1.984,5,9,0,0,1,0,0,200,0,0,0
34008,Findeln,2,H-H,1,1,1,3.1455,9,10.5,0,1,1,0,198,193,0,0,0
34023,Findeln,2,H-H,1,1,1,2.3995,8.5,13,0,0,1,0,0,179,0,0,27
34118,Findeln,2,H-H,1,1,0,4.4725,10,0,0,0,0,0,0,0,0,0,0
34123,Findeln,2,H-H,1,1,1,3.589,5,10.5,0,0,1,0,0,182,0,0,0
34168,Findeln,2,H-H,1,1,1,4.523,13.5,0,0,1,1,0,184,186,0,0,0
34188,Findeln,2,H-H,1,1,1,3.4225,0,11.5,0,1,1,0,191,179,0,0,127
34203,Findeln,2,H-H,1,1,1,1.6305,4.5,11.5,0,0,1,0,0,186,0,0,0
34319,Findeln,2,H-H,1,1,1,2.8995,8,14,0,0,1,0,0,189,0,0,0
34409,Findeln,2,H-L,1,1,1,3.1975,8.5,9.5,0,0,1,0,0,193,0,0,0
34458,Findeln,2,H-H,1,1,1,2.9595,10.5,12,0,1,1,0,191,186,0,0,25
34488,Findeln,2,H-H,1,1,1,2.3205,11.5,14.5,0,0,1,0,0,179,0,0,0
34493,Findeln,2,H-H,1,1,1,3.969,10,11.5,0,0,1,0,0,186,0,0,0
34498,Findeln,2,H-L,0,0,0,0,0,0,0,0,0,0,0,0,0,0,0
34503,Findeln,2,H-H,1,1,1,1.053,4.5,8.5,0,0,0,0,0,0,0,0,0
34508,Findeln,2,H-H,0,0,0,0,0,0,0,0,0,0,0,0,0,0,0
34513,Findeln,2,H-H,1,1,1,2.8805,7.5,12,0,0,1,0,0,182,0,0,0
34518,Findeln,2,H-H,1,1,1,3.2865,9,14.5,0,1,1,0,181,179,0,0,0
34543,Findeln,2,H-L,0,0,0,0,0,0,0,0,0,0,0,0,0,0,0
34548,Findeln,2,H-H,1,1,1,2.5685,6,10,0,1,1,0,195,186,0,0,88
34563,Findeln,2,H-L,1,1,1,1.632,7,9,0,0,1,0,0,182,0,0,0
34573,Findeln,2,H-L,0,0,0,0,0,0,0,0,0,0,0,0,0,0,0
34578,Findeln,2,H-H,1,1,1,3.217,10,11,0,1,1,0,184,179,0,0,0
34673,Findeln,2,H-H,1,1,1,1.609,6,8,0,0,1,0,0,182,0,0,0
34683,Findeln,2,H-H,1,1,1,3.5835,11.5,13.5,0,1,1,0,191,186,0,0,0
34688,Findeln,2,H-H,1,1,1,1.4845,6.5,8.5,0,0,0,0,0,0,0,0,0
34693,Findeln,2,H-H,1,1,1,1.3815,9,8.5,0,0,1,0,0,0,0,0,46
34713,Findeln,2,H-H,0,0,0,0,0,0,0,0,0,0,0,0,0,0,0
34738,Findeln,2,H-H,1,1,1,2.8195,11,11.5,0,0,1,0,0,186,0,0,0
34753,Findeln,2,H-H,1,1,1,4.6285,13.5,16,0,1,1,0,188,182,0,0,142
34768,Findeln,2,H-H,1,1,1,1.967,4.5,7.5,0,0,1,0,0,0,0,0,0
34778,Findeln,2,H-H,1,1,1,1.562,12,16,0,1,1,0,195,193,0,0,0
34783,Findeln,2,H-H,1,1,1,3.8095,9,11.5,0,1,1,0,191,179,0,0,0
34628,Findeln,2,H-H,1,1,1,2.5195,9.5,12,0,1,1,0,188,186,0,18,0
31685,Findeln,2,H-L,1,1,1,3.041,6.5,10,1,1,1,192,195,193,26,18,0
32353,Findeln,2,H-L,1,1,1,3.515,8,12,1,1,1,203,188,186,17,20,0
33525,Findeln,2,H-H,1,1,1,2.8925,9.5,10.5,0,1,1,0,188,179,0,23,54
32635,Findeln,2,H-L,1,1,1,4.1725,14,0,0,1,1,0,191,193,0,33,348
34678,Findeln,2,H-H,1,1,1,3.7155,10.5,14.5,0,1,1,0,181,179,0,35,0
32996,Findeln,2,H-L,1,1,1,3.584,7.5,9.5,0,1,1,0,0,0,0,39,0
32776,Findeln,2,H-H,1,1,1,3.4485,8.5,11.5,0,1,1,0,0,196,0,46,0
33131,Findeln,2,H-H,1,1,1,0,12,14,1,1,1,182,184,186,73,48,44
34178,Findeln,2,H-H,1,1,1,0,0,12,0,1,1,0,184,182,0,49,0
34523,Findeln,2,H-H,1,1,1,4.606,11,15,1,1,1,189,191,193,0,50,0
33569,Findeln,2,H-H,1,1,1,1.527,7,12.5,0,1,1,0,184,186,0,52,0
33031,Findeln,2,H-H,1,1,1,2.4095,6,12,0,1,1,0,191,193,0,57,64
31707,Findeln,2,H-L,1,1,1,3.3375,0,10.5,0,1,1,0,188,189,0,66,0
32270,Findeln,2,H-H,1,1,1,3.705,9,13,0,1,1,0,191,189,0,76,0
32290,Findeln,2,H-H,1,1,1,0,0,12.5,1,1,1,182,181,182,78,77,18
32509,Findeln,2,H-L,1,1,1,3.5125,9.5,11,0,1,1,0,191,182,0,93,0
34648,Findeln,2,H-L,1,1,1,3.3865,9,9.5,0,1,1,0,191,189,0,107,20
33384,Findeln,2,H-H,1,1,1,4.3045,13.5,11.5,0,1,1,0,195,193,0,108,93
33883,Findeln,2,H-H,1,1,1,0,0,14.5,1,1,1,182,188,182,132,142,0
34098,Findeln,2,H-H,1,1,1,3.1815,10,9,0,1,1,0,188,186,0,145,60
33615,Findeln,2,H-H,1,1,0,0,0,0,0,1,0,0,0,0,0,253,0
34653,Findeln,2,H-L,1,1,0,4.415,13,0,1,1,0,185,188,0,0,290,0
31620,Findeln,2,H-H,1,1,1,0,0,14,1,1,1,182,188,193,0,299,0
33535,Findeln,2,H-H,1,1,1,4.5205,11,13.5,1,1,1,182,181,179,62,347,NA
32746,Findeln,2,H-H,1,1,1,4.033,11.5,12.5,0,1,1,0,195,189,0,769,0
33540,Findeln,2,H-L,1,1,1,4.5455,11.5,0,1,1,1,185,184,186,97,917,323
34758,Findeln,2,H-L,1,1,1,0,0,0,1,1,1,189,188,193,0,NA,0